"#";"Article_NO";"Barcode";"Article_text";"Stock_Location";"QTY";"Min QTY";"Manufacturer";"Batchnumber";"Best-Before-Date";"INV_Date";"Price";"Last modified"
"1";"BAU-2940-GU";"BAU-2940-GU";"Baustein 2x2 gruen";"04-500-01";"33";"";"";"";"";"";"";"2024-12-20 14:45:54"
"2";"CLM-2550-GE";"CLM-2550-GE";"Clips mittel gelb 8 cm";"02-300-02";"12";"";"";"";"";"";"";"2024-12-20 14:45:54"
"3";"BAU-2940-GU";"BAU-2940-GU";"Baustein 2x2 gruen";"04-500-010";"0";"";"";"";"";"";"";"2024-12-20 14:45:54"
"4";"CLM-2550-GE";"CLM-2550-GE";"Clips mittel gelb 8 cm";"02-300-020";"0";"";"";"";"";"";"";"2024-12-20 14:45:54"
"5";"BAU-2950-BL";"BAU-2950-BL";"Baustein 2x2 blau";"04-500-02";"35";"";"";"";"";"";"";"2024-12-20 14:45:54"
"6";"DOM-4800-LI";"DOM-4800-LI";"Dominostein lila";"03-200-06";"20";"";"";"";"";"";"";"2024-12-20 14:45:54"
"7";"BAU-2950-BL";"BAU-2950-BL";"Baustein 2x2 blau";"04-500-020";"0";"";"";"";"";"";"";"2024-12-20 14:45:54"
"8";"DOM-4800-LI";"DOM-4800-LI";"Dominostein lila";"03-200-060";"0";"";"";"";"";"";"";"2024-12-20 14:45:54"
"9";"BAU-2960-RO";"BAU-2960-RO";"Baustein 2x2 rot";"04-500-03";"30";"";"";"";"";"";"";"2024-12-20 14:45:54"
"10";"DOM-4810-GE";"DOM-4810-GE";"Dominostein gelb";"03-200-04";"20";"";"";"";"";"";"";"2024-12-20 14:45:54"
"11";"BAU-2960-RO";"BAU-2960-RO";"Baustein 2x2 rot";"04-500-030";"0";"";"";"";"";"";"";"2024-12-20 14:45:54"
"12";"DOM-4810-GE";"DOM-4810-GE";"Dominostein gelb";"03-200-040";"0";"";"";"";"";"";"";"2024-12-20 14:45:54"
"13";"BAU-2970-WE";"BAU-2970-WE";"Baustein 2x2 weiß";"04-500-04";"32";"";"";"";"";"";"";"2024-12-20 14:45:54"
"14";"DOM-4820-OR";"DOM-4820-OR";"Dominostein orange";"03-100-06";"20";"";"";"";"";"";"";"2024-12-20 14:45:54"
"15";"BAU-2970-WE";"BAU-2970-WE";"Baustein 2x2 weiß";"04-500-040";"0";"";"";"";"";"";"";"2024-12-20 14:45:54"
"16";"DOM-4820-OR";"DOM-4820-OR";"Dominostein orange";"03-100-060";"0";"";"";"";"";"";"";"2024-12-20 14:45:54"
"17";"BAU-2980-SW";"BAU-2980-SW";"Baustein 2x2 schwarz";"04-500-05";"33";"";"";"";"";"";"";"2024-12-20 14:45:54"
"18";"DOM-4830-SW";"DOM-4830-SW";"Dominostein schwarz";"03-100-05";"20";"";"";"";"";"";"";"2024-12-20 14:45:54"
"19";"BAU-2980-SW";"BAU-2980-SW";"Baustein 2x2 schwarz";"04-500-050";"0";"";"";"";"";"";"";"2024-12-20 14:45:54"
"20";"DOM-4830-SW";"DOM-4830-SW";"Dominostein schwarz";"03-100-050";"0";"";"";"";"";"";"";"2024-12-20 14:45:54"
"21";"BAU-2990-GE";"BAU-2990-GE";"Baustein 2x2 gelb";"04-500-06";"30";"";"";"";"";"";"";"2024-12-20 14:45:54"
"22";"DOM-4840-RO";"DOM-4840-RO";"Dominostein rot";"03-100-03";"20";"";"";"";"";"";"";"2024-12-20 14:45:54"
"23";"BAU-2990-GE";"BAU-2990-GE";"Baustein 2x2 gelb";"04-500-060";"0";"";"";"";"";"";"";"2024-12-20 14:45:54"
"24";"DOM-4840-RO";"DOM-4840-RO";"Dominostein rot";"03-100-030";"0";"";"";"";"";"";"";"2024-12-20 14:45:54"
"25";"BAU-3000-OR";"BAU-3000-OR";"Baustein 2x2 orange";"04-600-01";"20";"";"";"";"";"";"";"2024-12-20 14:45:54"
"26";"DOM-4850-HG";"DOM-4850-HG";"Dominostein hellgruen";"03-200-01";"20";"";"";"";"";"";"";"2024-12-20 14:45:54"
"27";"BAU-3000-OR";"BAU-3000-OR";"Baustein 2x2 orange";"04-600-010";"0";"";"";"";"";"";"";"2024-12-20 14:45:54"
"28";"DOM-4850-HG";"DOM-4850-HG";"Dominostein hellgruen";"03-200-010";"0";"";"";"";"";"";"";"2024-12-20 14:45:54"
"29";"BAU-3010-GR";"BAU-3010-GR";"Baustein 2x2 grau";"04-600-02";"29";"";"";"";"";"";"";"2024-12-20 14:45:54"
"30";"DOM-4860-DG";"DOM-4860-DG";"Dominostein dunkelgruen";"03-100-01";"20";"";"";"";"";"";"";"2024-12-20 14:45:54"
"31";"BAU-3010-GR";"BAU-3010-GR";"Baustein 2x2 grau";"04-600-020";"0";"";"";"";"";"";"";"2024-12-20 14:45:54"
"32";"DOM-4860-DG";"DOM-4860-DG";"Dominostein dunkelgruen";"03-100-010";"0";"";"";"";"";"";"";"2024-12-20 14:45:54"
"33";"BAU-3020-BR";"BAU-3020-BR";"Baustein 2x2 braun";"04-600-03";"22";"";"";"";"";"";"";"2024-12-20 14:45:54"
"34";"DOM-4870-RO";"DOM-4870-RO";"Dominostein rosa";"03-100-04";"20";"";"";"";"";"";"";"2024-12-20 14:45:54"
"35";"BAU-3020-BR";"BAU-3020-BR";"Baustein 2x2 braun";"04-600-030";"0";"";"";"";"";"";"";"2024-12-20 14:45:54"
"36";"DOM-4870-RO";"DOM-4870-RO";"Dominostein rosa";"03-100-040";"0";"";"";"";"";"";"";"2024-12-20 14:45:54"
"37";"BAU-3030-LI";"BAU-3030-LI";"Baustein 2x2 lila";"04-600-04";"28";"";"";"";"";"";"";"2024-12-20 14:45:54"
"38";"DOM-4880-HB";"DOM-4880-HB";"Dominostein hellblau";"03-200-02";"20";"";"";"";"";"";"";"2024-12-20 14:45:54"
"39";"BAU-3030-LI";"BAU-3030-LI";"Baustein 2x2 lila";"04-600-040";"0";"";"";"";"";"";"";"2024-12-20 14:45:54"
"40";"DOM-4880-HB";"DOM-4880-HB";"Dominostein hellblau";"03-200-020";"0";"";"";"";"";"";"";"2024-12-20 14:45:54"
"41";"BAU-3040-OR";"BAU-3040-OR";"Baustein 2x3 orange";"04-600-05";"17";"";"";"";"";"";"";"2024-12-20 14:45:55"
"42";"DOM-4890-DB";"DOM-4890-DB";"Dominostein dunkelblau";"03-100-02";"20";"";"";"";"";"";"";"2024-12-20 14:45:55"
"43";"BAU-3040-OR";"BAU-3040-OR";"Baustein 2x3 orange";"04-600-050";"0";"";"";"";"";"";"";"2024-12-20 14:45:55"
"44";"DOM-4890-DB";"DOM-4890-DB";"Dominostein dunkelblau";"03-100-020";"0";"";"";"";"";"";"";"2024-12-20 14:45:55"
"45";"BAU-3050-WE";"BAU-3050-WE";"Baustein 2x3 weiß";"04-600-06";"20";"";"";"";"";"";"";"2024-12-20 14:45:55"
"46";"DOM-4900-BR";"DOM-4900-BR";"Dominostein braun";"03-200-03";"20";"";"";"";"";"";"";"2024-12-20 14:45:55"
"47";"BAU-3050-WE";"BAU-3050-WE";"Baustein 2x3 weiß";"04-600-060";"0";"";"";"";"";"";"";"2024-12-20 14:45:55"
"48";"DOM-4900-BR";"DOM-4900-BR";"Dominostein braun";"03-200-030";"0";"";"";"";"";"";"";"2024-12-20 14:45:55"
"49";"BAU-3060-BR";"BAU-3060-BR";"Baustein 2x3 braun";"04-700-01";"16";"";"";"";"";"";"";"2024-12-20 14:45:55"
"50";"DOM-4910-WE";"DOM-4910-WE";"Dominostein weiß";"03-200-05";"18";"";"";"";"";"";"";"2025-01-16 10:21:47"
"51";"BAU-3060-BR";"BAU-3060-BR";"Baustein 2x3 braun";"04-700-010";"0";"";"";"";"";"";"";"2024-12-20 14:45:55"
"52";"DOM-4910-WE";"DOM-4910-WE";"Dominostein weiß";"03-200-050";"0";"";"";"";"";"";"";"2024-12-20 14:45:55"
"53";"BAU-3070-GU";"BAU-3070-GU";"Baustein 2x3 gruen";"04-700-02";"20";"";"";"";"";"";"";"2024-12-20 14:45:55"
"54";"DUP-2010-RO";"DUP-2010-RO";"Duplostein rot";"01-400-04";"27";"";"";"";"";"";"";"2025-01-16 10:55:10"
"55";"BAU-3070-GU";"BAU-3070-GU";"Baustein 2x3 gruen";"04-700-020";"0";"";"";"";"";"";"";"2024-12-20 14:45:55"
"56";"DUP-2010-RO";"DUP-2010-RO";"Duplostein rot";"01-400-040";"0";"";"";"";"";"";"";"2024-12-20 14:45:55"
"57";"BAU-3080-BL";"BAU-3080-BL";"Baustein 2x3 blau";"04-700-03";"20";"";"";"";"";"";"";"2024-12-20 14:45:55"
"58";"DUP-2020-GE";"DUP-2020-GE";"Duplostein gelb";"01-400-06";"17";"";"";"";"";"";"";"2025-01-16 10:55:13"
"59";"BAU-3080-BL";"BAU-3080-BL";"Baustein 2x3 blau";"04-700-030";"0";"";"";"";"";"";"";"2024-12-20 14:45:55"
"60";"DUP-2020-GE";"DUP-2020-GE";"Duplostein gelb";"01-400-060";"0";"";"";"";"";"";"";"2024-12-20 14:45:55"
"61";"BAU-3090-GE";"BAU-3090-GE";"Baustein 2x3 gelb";"04-700-04";"16";"";"";"";"";"";"";"2024-12-20 14:45:55"
"62";"DUP-2030-HB";"DUP-2030-HB";"Duplostein hellbraun";"01-400-05";"3";"";"";"";"";"";"";"2024-12-20 14:45:55"
"63";"BAU-3090-GE";"BAU-3090-GE";"Baustein 2x3 gelb";"04-700-040";"0";"";"";"";"";"";"";"2024-12-20 14:45:55"
"64";"DUP-2030-HB";"DUP-2030-HB";"Duplostein hellbraun";"01-400-050";"0";"";"";"";"";"";"";"2024-12-20 14:45:55"
"65";"BAU-3100-RO";"BAU-3100-RO";"Baustein 2x3 rot";"04-700-05";"20";"";"";"";"";"";"";"2024-12-20 14:45:55"
"66";"DUP-2040-DB";"DUP-2040-DB";"Duplostein dunkelbraun";"01-400-07";"3";"";"";"";"";"";"";"2024-12-20 14:45:55"
"67";"BAU-3100-RO";"BAU-3100-RO";"Baustein 2x3 rot";"04-700-050";"0";"";"";"";"";"";"";"2024-12-20 14:45:55"
"68";"DUP-2040-DB";"DUP-2040-DB";"Duplostein dunkelbraun";"01-400-070";"0";"";"";"";"";"";"";"2024-12-20 14:45:55"
"69";"BAU-3110-LI";"BAU-3110-LI";"Baustein 2x3 lila";"04-700-06";"16";"";"";"";"";"";"";"2024-12-20 14:45:55"
"70";"DUP-2050-BL";"DUP-2050-BL";"Duplostein blau";"01-400-08";"12";"";"";"";"";"";"";"2024-12-20 14:45:55"
"71";"BAU-3110-LI";"BAU-3110-LI";"Baustein 2x3 lila";"04-700-060";"0";"";"";"";"";"";"";"2024-12-20 14:45:55"
"72";"DUP-2050-BL";"DUP-2050-BL";"Duplostein blau";"01-400-080";"0";"";"";"";"";"";"";"2024-12-20 14:45:55"
"73";"BAU-3120-SW";"BAU-3120-SW";"Baustein 2x3 schwarz";"04-800-01";"21";"";"";"";"";"";"";"2024-12-20 14:45:55"
"74";"DUP-2060-GR";"DUP-2060-GR";"Duplostein grau";"01-400-09";"4";"";"";"";"";"";"";"2024-12-20 14:45:55"
"75";"BAU-3120-SW";"BAU-3120-SW";"Baustein 2x3 schwarz";"04-800-010";"0";"";"";"";"";"";"";"2024-12-20 14:45:55"
"76";"DUP-2060-GR";"DUP-2060-GR";"Duplostein grau";"01-400-090";"0";"";"";"";"";"";"";"2024-12-20 14:45:55"
"77";"BAU-3130-GR";"BAU-3130-GR";"Baustein 2x3 grau";"04-800-02";"16";"";"";"";"";"";"";"2024-12-20 14:45:55"
"78";"DUP-2070-HG";"DUP-2070-HG";"Duplostein hellgruen";"01-400-12";"2";"";"";"";"";"";"";"2024-12-20 14:45:55"
"79";"BAU-3130-GR";"BAU-3130-GR";"Baustein 2x3 grau";"04-800-020";"0";"";"";"";"";"";"";"2024-12-20 14:45:55"
"80";"DUP-2070-HG";"DUP-2070-HG";"Duplostein hellgruen";"01-400-120";"0";"";"";"";"";"";"";"2024-12-20 14:45:55"
"81";"BAU-3140-GU";"BAU-3140-GU";"Baustein 2x1 gruen";"04-800-03";"51";"";"";"";"";"";"";"2024-12-20 14:45:55"
"82";"DUP-2080-DG";"DUP-2080-DG";"Duplostein dunkelgruen";"01-400-11";"5";"";"";"";"";"";"";"2025-01-16 10:54:34"
"83";"BAU-3140-GU";"BAU-3140-GU";"Baustein 2x1 gruen";"04-800-030";"0";"";"";"";"";"";"";"2024-12-20 14:45:55"
"84";"DUP-2080-DG";"DUP-2080-DG";"Duplostein dunkelgruen";"01-400-110";"0";"";"";"";"";"";"";"2024-12-20 14:45:55"
"85";"BAU-3150-BL";"BAU-3150-BL";"Baustein 2x1 blau";"04-800-04";"48";"";"";"";"";"";"";"2024-12-20 14:45:55"
"86";"DUP-2090-SW";"DUP-2090-SW";"Duplostein schwarz";"01-400-10";"4";"";"";"";"";"";"";"2024-12-20 14:45:55"
"87";"BAU-3150-BL";"BAU-3150-BL";"Baustein 2x1 blau";"04-800-040";"0";"";"";"";"";"";"";"2024-12-20 14:45:55"
"88";"DUP-2090-SW";"DUP-2090-SW";"Duplostein schwarz";"01-400-100";"0";"";"";"";"";"";"";"2024-12-20 14:45:55"
"89";"BAU-3160-RO";"BAU-3160-RO";"Baustein 2x1 rot";"04-800-05";"48";"";"";"";"";"";"";"2024-12-20 14:45:55"
"90";"DVD-1010-TD";"DVD-1010-TD";"DVD Tiger and Dragon";"01-100-01";"10";"";"";"";"";"";"";"2024-12-20 14:45:55"
"91";"BAU-3160-RO";"BAU-3160-RO";"Baustein 2x1 rot";"04-800-050";"0";"";"";"";"";"";"";"2024-12-20 14:45:55"
"92";"DVD-1010-TD";"DVD-1010-TD";"DVD Tiger and Dragon";"01-100-010";"0";"";"";"";"";"";"";"2024-12-20 14:45:55"
"93";"BAU-3170-SW";"BAU-3170-SW";"Baustein 2x1 schwarz";"04-800-06";"48";"";"";"";"";"";"";"2024-12-20 14:45:55"
"94";"DVD-1020-FL";"DVD-1020-FL";"DVD Fearless";"01-100-02";"10";"";"";"";"";"";"";"2024-12-20 14:45:55"
"95";"BAU-3170-SW";"BAU-3170-SW";"Baustein 2x1 schwarz";"04-800-060";"0";"";"";"";"";"";"";"2024-12-20 14:45:55"
"96";"DVD-1020-FL";"DVD-1020-FL";"DVD Fearless";"01-100-020";"0";"";"";"";"";"";"";"2024-12-20 14:45:55"
"97";"BAU-3180-LI";"BAU-3180-LI";"Baustein 2x1 lila";"04-900-01";"44";"";"";"";"";"";"";"2024-12-20 14:45:55"
"98";"DVD-1030-FH";"DVD-1030-FH";"DVD For Honor";"01-100-03";"10";"";"";"";"";"";"";"2024-12-20 14:45:55"
"99";"BAU-3180-LI";"BAU-3180-LI";"Baustein 2x1 lila";"04-900-010";"0";"";"";"";"";"";"";"2024-12-20 14:45:55"
"100";"DVD-1030-FH";"DVD-1030-FH";"DVD For Honor";"01-100-030";"0";"";"";"";"";"";"";"2024-12-20 14:45:55"
"101";"BAU-3190-WE";"BAU-3190-WE";"Baustein 2x1 weiß";"04-900-02";"49";"";"";"";"";"";"";"2024-12-20 14:45:55"
"102";"DVD-1040-TK";"DVD-1040-TK";"DVD Tekken";"01-100-04";"8";"";"";"";"";"";"";"2025-01-16 10:20:15"
"103";"BAU-3190-WE";"BAU-3190-WE";"Baustein 2x1 weiß";"04-900-020";"0";"";"";"";"";"";"";"2024-12-20 14:45:55"
"104";"DVD-1040-TK";"DVD-1040-TK";"DVD Tekken";"01-100-040";"0";"";"";"";"";"";"";"2024-12-20 14:45:55"
"105";"BAU-3200-BR";"BAU-3200-BR";"Baustein 2x1 braun";"04-900-03";"41";"";"";"";"";"";"";"2024-12-20 14:45:55"
"106";"DVD-1050-RS";"DVD-1050-RS";"DVD Red Steal";"01-100-05";"10";"";"";"";"";"";"";"2024-12-20 14:45:55"
"107";"BAU-3200-BR";"BAU-3200-BR";"Baustein 2x1 braun";"04-900-030";"0";"";"";"";"";"";"";"2024-12-20 14:45:55"
"108";"DVD-1050-RS";"DVD-1050-RS";"DVD Red Steal";"01-100-050";"0";"";"";"";"";"";"";"2024-12-20 14:45:55"
"109";"BAU-3210-GE";"BAU-3210-GE";"Baustein 2x1 gelb";"04-900-04";"46";"";"";"";"";"";"";"2024-12-20 14:45:55"
"110";"DVD-1060-MB";"DVD-1060-MB";"DVD Mr. Bean";"01-100-06";"10";"";"";"";"";"";"";"2024-12-20 14:45:55"
"111";"BAU-3210-GE";"BAU-3210-GE";"Baustein 2x1 gelb";"04-900-040";"0";"";"";"";"";"";"";"2024-12-20 14:45:55"
"112";"DVD-1060-MB";"DVD-1060-MB";"DVD Mr. Bean";"01-100-060";"0";"";"";"";"";"";"";"2024-12-20 14:45:55"
"113";"BAU-3220-OR";"BAU-3220-OR";"Baustein 2x1 orange";"04-900-05";"41";"";"";"";"";"";"";"2024-12-20 14:45:55"
"114";"FER-1320-WE";"FER-1320-WE";"Fernseher";"01-200-05";"5";"";"";"";"";"";"";"2025-01-16 10:51:40"
"115";"BAU-3220-OR";"BAU-3220-OR";"Baustein 2x1 orange";"04-900-050";"0";"";"";"";"";"";"";"2024-12-20 14:45:55"
"116";"FER-1320-WE";"FER-1320-WE";"Fernseher";"01-200-050";"0";"";"";"";"";"";"";"2024-12-20 14:45:55"
"117";"BAU-3230-GR";"BAU-3230-GR";"Baustein 2x1 grau";"04-900-06";"46";"";"";"";"";"";"";"2024-12-20 14:45:55"
"118";"GUM-4000-OR";"GUM-4000-OR";"Gummiball orange";"03-300-03";"13";"";"";"";"";"";"";"2024-12-20 14:45:55"
"119";"BAU-3230-GR";"BAU-3230-GR";"Baustein 2x1 grau";"04-900-060";"0";"";"";"";"";"";"";"2024-12-20 14:45:55"
"120";"GUM-4000-OR";"GUM-4000-OR";"Gummiball orange";"03-300-030";"0";"";"";"";"";"";"";"2024-12-20 14:45:55"
"121";"BAU-3240-GU";"BAU-3240-GU";"Baustein 1x8 gruen";"05-200-01";"6";"";"";"";"";"";"";"2024-12-20 14:45:55"
"122";"GUM-4010-GL";"GUM-4010-GL";"Gummiball blau";"03-300-02";"19";"";"";"";"";"";"";"2024-12-20 14:45:55"
"123";"BAU-3240-GU";"BAU-3240-GU";"Baustein 1x8 gruen";"05-200-010";"0";"";"";"";"";"";"";"2024-12-20 14:45:55"
"124";"GUM-4010-GL";"GUM-4010-GL";"Gummiball blau";"03-300-020";"0";"";"";"";"";"";"";"2024-12-20 14:45:55"
"125";"BAU-3250-BL";"BAU-3250-BL";"Baustein 1x8 blau";"05-200-02";"6";"";"";"";"";"";"";"2024-12-20 14:45:55"
"126";"GUM-4020-GU";"GUM-4020-GU";"Gummiball gruen";"03-300-01";"18";"";"";"";"";"";"";"2024-12-20 14:45:55"
"127";"BAU-3250-BL";"BAU-3250-BL";"Baustein 1x8 blau";"05-200-020";"0";"";"";"";"";"";"";"2024-12-20 14:45:55"
"128";"GUM-4020-GU";"GUM-4020-GU";"Gummiball gruen";"03-300-010";"0";"";"";"";"";"";"";"2024-12-20 14:45:55"
"129";"BAU-3260-RO";"BAU-3260-RO";"Baustein 1x8 rot";"05-200-03";"6";"";"";"";"";"";"";"2024-12-20 14:45:55"
"130";"GUM-4030-GE";"GUM-4030-GE";"Gummiball gelb";"03-300-04";"16";"";"";"";"";"";"";"2024-12-20 14:45:55"
"131";"BAU-3260-RO";"BAU-3260-RO";"Baustein 1x8 rot";"05-200-030";"0";"";"";"";"";"";"";"2024-12-20 14:45:55"
"132";"GUM-4030-GE";"GUM-4030-GE";"Gummiball gelb";"03-300-040";"0";"";"";"";"";"";"";"2024-12-20 14:45:55"
"133";"BAU-3270-LI";"BAU-3270-LI";"Baustein 1x8 lila";"05-200-04";"6";"";"";"";"";"";"";"2024-12-20 14:45:55"
"134";"GUM-4040-GE";"GUM-4040-GE";"Gummiball pink";"03-300-05";"19";"";"";"";"";"";"";"2024-12-20 14:45:55"
"135";"BAU-3270-LI";"BAU-3270-LI";"Baustein 1x8 lila";"05-200-040";"0";"";"";"";"";"";"";"2024-12-20 14:45:55"
"136";"GUM-4040-GE";"GUM-4040-GE";"Gummiball pink";"03-300-050";"0";"";"";"";"";"";"";"2024-12-20 14:45:55"
"137";"BAU-3280-WE";"BAU-3280-WE";"Baustein 1x8 weiß";"05-200-05";"6";"";"";"";"";"";"";"2024-12-20 14:45:55"
"138";"HER-4700-WE";"HER-4700-WE";"Holzherz";"02-800-01";"60";"";"";"";"";"";"";"2024-12-20 14:45:55"
"139";"BAU-3280-WE";"BAU-3280-WE";"Baustein 1x8 weiß";"05-200-050";"0";"";"";"";"";"";"";"2024-12-20 14:45:55"
"140";"HER-4700-WE";"HER-4700-WE";"Holzherz";"02-800-010";"0";"";"";"";"";"";"";"2024-12-20 14:45:55"
"141";"BAU-3290-BR";"BAU-3290-BR";"Baustein 1x8 braun";"05-200-06";"6";"";"";"";"";"";"";"2024-12-20 14:45:55"
"142";"HKL-2110-GU";"HKL-2110-GU";"Holzklammer gruen";"02-600-02";"20";"";"";"";"";"";"";"2024-12-20 14:45:55"
"143";"BAU-3290-BR";"BAU-3290-BR";"Baustein 1x8 braun";"05-200-060";"0";"";"";"";"";"";"";"2024-12-20 14:45:55"
"144";"HKL-2110-GU";"HKL-2110-GU";"Holzklammer gruen";"02-600-020";"0";"";"";"";"";"";"";"2024-12-20 14:45:55"
"145";"BAU-3300-GE";"BAU-3300-GE";"Baustein 1x8 gelb";"05-300-01";"6";"";"";"";"";"";"";"2024-12-20 14:45:55"
"146";"HKl-2120-DB";"HKl-2120-DB";"Holzklammer dunkelblau";"02-600-03";"20";"";"";"";"";"";"";"2024-12-20 14:45:55"
"147";"BAU-3300-GE";"BAU-3300-GE";"Baustein 1x8 gelb";"05-300-010";"0";"";"";"";"";"";"";"2024-12-20 14:45:55"
"148";"HKl-2120-DB";"HKl-2120-DB";"Holzklammer dunkelblau";"02-600-030";"0";"";"";"";"";"";"";"2024-12-20 14:45:55"
"149";"BAU-3310-GR";"BAU-3310-GR";"Baustein 1x8 grau";"05-300-02";"6";"";"";"";"";"";"";"2024-12-20 14:45:55"
"150";"HKl-2130-HB";"HKl-2130-HB";"Holzklammer hellblau";"02-700-05";"20";"";"";"";"";"";"";"2024-12-20 14:45:55"
"151";"BAU-3310-GR";"BAU-3310-GR";"Baustein 1x8 grau";"05-300-020";"0";"";"";"";"";"";"";"2024-12-20 14:45:55"
"152";"HKl-2130-HB";"HKl-2130-HB";"Holzklammer hellblau";"02-700-050";"0";"";"";"";"";"";"";"2024-12-20 14:45:55"
"153";"BAU-3320-SW";"BAU-3320-SW";"Baustein 1x8 schwarz";"05-300-03";"6";"";"";"";"";"";"";"2024-12-20 14:45:55"
"154";"HKl-2140-LL";"HKl-2140-LL";"Holzklammer lila";"02-700-01";"20";"";"";"";"";"";"";"2024-12-20 14:45:55"
"155";"BAU-3320-SW";"BAU-3320-SW";"Baustein 1x8 schwarz";"05-300-030";"0";"";"";"";"";"";"";"2024-12-20 14:45:55"
"156";"HKl-2140-LL";"HKl-2140-LL";"Holzklammer lila";"02-700-010";"0";"";"";"";"";"";"";"2024-12-20 14:45:55"
"157";"BAU-3330-OR";"BAU-3330-OR";"Baustein 1x8 orange";"05-300-04";"6";"";"";"";"";"";"";"2024-12-20 14:45:55"
"158";"HKl-2150-OR";"HKl-2150-OR";"Holzklammer orange";"02-600-06";"22";"";"";"";"";"";"";"2024-12-20 14:45:55"
"159";"BAU-3330-OR";"BAU-3330-OR";"Baustein 1x8 orange";"05-300-040";"0";"";"";"";"";"";"";"2024-12-20 14:45:55"
"160";"HKl-2150-OR";"HKl-2150-OR";"Holzklammer orange";"02-600-060";"0";"";"";"";"";"";"";"2024-12-20 14:45:55"
"161";"BAU-3340-GR";"BAU-3340-GR";"Baustein 1x2 schraeg grau";"05-300-05";"36";"";"";"";"";"";"";"2024-12-20 14:45:55"
"162";"HKl-2160-HR";"HKl-2160-HR";"Holzklammer hellrosa";"02-600-04";"20";"";"";"";"";"";"";"2024-12-20 14:45:55"
"163";"BAU-3340-GR";"BAU-3340-GR";"Baustein 1x2 schraeg grau";"05-300-050";"0";"";"";"";"";"";"";"2024-12-20 14:45:55"
"164";"HKl-2160-HR";"HKl-2160-HR";"Holzklammer hellrosa";"02-600-040";"0";"";"";"";"";"";"";"2024-12-20 14:45:55"
"165";"BAU-3350-SW";"BAU-3350-SW";"Baustein 1x2 schraeg schwarz";"05-300-06";"36";"";"";"";"";"";"";"2024-12-20 14:45:55"
"166";"HKl-2170-RO";"HKl-2170-RO";"Holzklammer rot";"02-600-05";"20";"";"";"";"";"";"";"2024-12-20 14:45:55"
"167";"BAU-3350-SW";"BAU-3350-SW";"Baustein 1x2 schraeg schwarz";"05-300-060";"0";"";"";"";"";"";"";"2024-12-20 14:45:55"
"168";"HKl-2170-RO";"HKl-2170-RO";"Holzklammer rot";"02-600-050";"0";"";"";"";"";"";"";"2024-12-20 14:45:55"
"169";"BAU-3360-RO";"BAU-3360-RO";"Baustein 1x2 schraeg rot";"05-400-01";"36";"";"";"";"";"";"";"2024-12-20 14:45:55"
"170";"HKl-2180-GE";"HKl-2180-GE";"Holzklammer gelb";"02-700-03";"20";"";"";"";"";"";"";"2024-12-20 14:45:55"
"171";"BAU-3360-RO";"BAU-3360-RO";"Baustein 1x2 schraeg rot";"05-400-010";"0";"";"";"";"";"";"";"2024-12-20 14:45:55"
"172";"HKl-2180-GE";"HKl-2180-GE";"Holzklammer gelb";"02-700-030";"0";"";"";"";"";"";"";"2024-12-20 14:45:55"
"173";"BAU-3370-GU";"BAU-3370-GU";"Baustein 1x2 Eck gruen";"05-400-02";"12";"";"";"";"";"";"";"2024-12-20 14:45:55"
"174";"HKl-2190-SW";"HKl-2190-SW";"Holzklammer schwarz";"02-700-02";"20";"";"";"";"";"";"";"2024-12-20 14:45:55"
"175";"BAU-3370-GU";"BAU-3370-GU";"Baustein 1x2 Eck gruen";"05-400-020";"0";"";"";"";"";"";"";"2024-12-20 14:45:55"
"176";"HKl-2190-SW";"HKl-2190-SW";"Holzklammer schwarz";"02-700-020";"0";"";"";"";"";"";"";"2024-12-20 14:45:55"
"177";"BAU-3380-BL";"BAU-3380-BL";"Baustein 1x2 Eck blau";"05-400-03";"12";"";"";"";"";"";"";"2024-12-20 14:45:55"
"178";"HKl-2200-DR";"HKl-2200-DR";"Holzklammer dunkelrosa";"02-700-04";"20";"";"";"";"";"";"";"2024-12-20 14:45:55"
"179";"BAU-3380-BL";"BAU-3380-BL";"Baustein 1x2 Eck blau";"05-400-030";"0";"";"";"";"";"";"";"2024-12-20 14:45:55"
"180";"HKl-2200-DR";"HKl-2200-DR";"Holzklammer dunkelrosa";"02-700-040";"0";"";"";"";"";"";"";"2024-12-20 14:45:55"
"181";"BAU-3390-OR";"BAU-3390-OR";"Baustein 1x2 Eck orange";"05-400-04";"12";"";"";"";"";"";"";"2024-12-20 14:45:55"
"182";"HOL-1610-HO";"HOL-1610-HO";"Holzwuerfel ";"01-300-07";"107";"";"";"";"";"";"";"2024-12-20 14:45:55"
"183";"BAU-3390-OR";"BAU-3390-OR";"Baustein 1x2 Eck orange";"05-400-040";"0";"";"";"";"";"";"";"2024-12-20 14:45:55"
"184";"HOL-1610-HO";"HOL-1610-HO";"Holzwuerfel ";"01-300-070";"0";"";"";"";"";"";"";"2024-12-20 14:45:55"
"185";"BAU-3400-WE";"BAU-3400-WE";"Baustein 1x2 Eck weiß";"05-400-05";"12";"";"";"";"";"";"";"2024-12-20 14:45:55"
"186";"HOL-1620-HO";"HOL-1620-HO";"Holzwuerfen bunt";"01-300-08";"3";"";"";"";"";"";"";"2024-12-20 14:45:55"
"187";"BAU-3400-WE";"BAU-3400-WE";"Baustein 1x2 Eck weiß";"05-400-050";"0";"";"";"";"";"";"";"2024-12-20 14:45:55"
"188";"HOL-1620-HO";"HOL-1620-HO";"Holzwuerfen bunt";"01-300-080";"0";"";"";"";"";"";"";"2024-12-20 14:45:55"
"189";"BAU-3410-GE";"BAU-3410-GE";"Baustein 1x2 Eck gelb";"05-400-06";"12";"";"";"";"";"";"";"2024-12-20 14:45:55"
"190";"JEN-1510-RS";"JEN-1510-RS";"Jenga rosa";"01-300-01";"27";"";"";"";"";"";"";"2024-12-20 14:45:55"
"191";"BAU-3410-GE";"BAU-3410-GE";"Baustein 1x2 Eck gelb";"05-400-060";"0";"";"";"";"";"";"";"2024-12-20 14:45:55"
"192";"JEN-1510-RS";"JEN-1510-RS";"Jenga rosa";"01-300-010";"0";"";"";"";"";"";"";"2024-12-20 14:45:55"
"193";"BAU-3420-GR";"BAU-3420-GR";"Baustein 1x2 Eck grau";"05-500-01";"12";"";"";"";"";"";"";"2024-12-20 14:45:55"
"194";"JEN-1520-HG";"JEN-1520-HG";"Jenga hellgruen";"01-300-02";"18";"";"";"";"";"";"";"2024-12-20 14:45:55"
"195";"BAU-3420-GR";"BAU-3420-GR";"Baustein 1x2 Eck grau";"05-500-010";"0";"";"";"";"";"";"";"2024-12-20 14:45:55"
"196";"JEN-1520-HG";"JEN-1520-HG";"Jenga hellgruen";"01-300-020";"0";"";"";"";"";"";"";"2024-12-20 14:45:55"
"197";"BAU-3430-GU";"BAU-3430-GU";"Baustein 2x8 gruen";"05-500-02";"4";"";"";"";"";"";"";"2024-12-20 14:45:55"
"198";"JEN-1530-DB";"JEN-1530-DB";"Jenga dunkelblau";"01-300-03";"27";"";"";"";"";"";"";"2024-12-20 14:45:55"
"199";"BAU-3430-GU";"BAU-3430-GU";"Baustein 2x8 gruen";"05-500-020";"0";"";"";"";"";"";"";"2024-12-20 14:45:55"
"200";"JEN-1530-DB";"JEN-1530-DB";"Jenga dunkelblau";"01-300-030";"0";"";"";"";"";"";"";"2024-12-20 14:45:55"
"201";"BAU-3440-BL";"BAU-3440-BL";"Baustein 2x8 blau";"05-500-03";"4";"";"";"";"";"";"";"2024-12-20 14:45:55"
"202";"JEN-1540-DG";"JEN-1540-DG";"Jenga dunkelgruen";"01-300-04";"27";"";"";"";"";"";"";"2024-12-20 14:45:55"
"203";"BAU-3440-BL";"BAU-3440-BL";"Baustein 2x8 blau";"05-500-030";"0";"";"";"";"";"";"";"2024-12-20 14:45:55"
"204";"JEN-1540-DG";"JEN-1540-DG";"Jenga dunkelgruen";"01-300-040";"0";"";"";"";"";"";"";"2024-12-20 14:45:55"
"205";"BAU-3450-GR";"BAU-3450-GR";"Baustein 2x8 grau";"05-500-04";"4";"";"";"";"";"";"";"2024-12-20 14:45:55"
"206";"JEN-1550-PI";"JEN-1550-PI";"Jenga pink";"01-300-05";"27";"";"";"";"";"";"";"2024-12-20 14:45:55"
"207";"BAU-3450-GR";"BAU-3450-GR";"Baustein 2x8 grau";"05-500-040";"0";"";"";"";"";"";"";"2024-12-20 14:45:55"
"208";"JEN-1550-PI";"JEN-1550-PI";"Jenga pink";"01-300-050";"0";"";"";"";"";"";"";"2024-12-20 14:45:55"
"209";"BAU-3460-GE";"BAU-3460-GE";"Baustein 2x8 gelb";"05-500-05";"4";"";"";"";"";"";"";"2024-12-20 14:45:55"
"210";"JEN-1560-HB";"JEN-1560-HB";"Jenga hellblau";"01-300-06";"18";"";"";"";"";"";"";"2024-12-20 14:45:55"
"211";"BAU-3460-GE";"BAU-3460-GE";"Baustein 2x8 gelb";"05-500-050";"0";"";"";"";"";"";"";"2024-12-20 14:45:55"
"212";"JEN-1560-HB";"JEN-1560-HB";"Jenga hellblau";"01-300-060";"0";"";"";"";"";"";"";"2024-12-20 14:45:55"
"213";"BAU-3470-BR";"BAU-3470-BR";"Baustein 2x8 braun";"05-500-06";"4";"";"";"";"";"";"";"2024-12-20 14:45:55"
"214";"KAB-1710-KZ";"KAB-1710-KZ";"Kabel, gelb, 0,25m";"01-300-09";"9";"";"";"";"";"";"";"2025-01-16 10:50:15"
"215";"BAU-3470-BR";"BAU-3470-BR";"Baustein 2x8 braun";"05-500-060";"0";"";"";"";"";"";"";"2024-12-20 14:45:55"
"216";"KAB-1710-KZ";"KAB-1710-KZ";"Kabel, gelb, 0,25m";"01-300-090";"0";"";"";"";"";"";"";"2024-12-20 14:45:55"
"217";"BAU-3480-WE";"BAU-3480-WE";"Baustein 2x8 weiß";"05-600-01";"4";"";"";"";"";"";"";"2024-12-20 14:45:55"
"218";"KAB-1720-LA";"KAB-1720-LA";"Kabel, schwarz, 0,5m";"01-300-10";"10";"";"";"";"";"";"";"2024-12-20 14:45:55"
"219";"BAU-3480-WE";"BAU-3480-WE";"Baustein 2x8 weiß";"05-600-010";"0";"";"";"";"";"";"";"2024-12-20 14:45:55"
"220";"KAB-1720-LA";"KAB-1720-LA";"Kabel, schwarz, 0,5m";"01-300-100";"0";"";"";"";"";"";"";"2024-12-20 14:45:55"
"221";"BAU-3490-RO";"BAU-3490-RO";"Baustein 2x8 rot";"05-600-02";"4";"";"";"";"";"";"";"2024-12-20 14:45:55"
"222";"KUS-1310-WE";"KUS-1310-WE";"Kuehlschrank";"01-200-04";"7";"";"";"";"";"";"";"2025-01-16 10:51:29"
"223";"BAU-3490-RO";"BAU-3490-RO";"Baustein 2x8 rot";"05-600-020";"0";"";"";"";"";"";"";"2024-12-20 14:45:55"
"224";"KUS-1310-WE";"KUS-1310-WE";"Kuehlschrank";"01-200-040";"0";"";"";"";"";"";"";"2024-12-20 14:45:55"
"225";"BAU-3500-LI";"BAU-3500-LI";"Baustein 2x8 lila";"05-600-03";"4";"";"";"";"";"";"";"2024-12-20 14:45:55"
"226";"MUR-4100-LI";"MUR-4100-LI";"Holzmurmel lila";"02-600-01";"16";"";"";"";"";"";"";"2024-12-20 14:45:55"
"227";"BAU-3500-LI";"BAU-3500-LI";"Baustein 2x8 lila";"05-600-030";"0";"";"";"";"";"";"";"2024-12-20 14:45:55"
"228";"MUR-4100-LI";"MUR-4100-LI";"Holzmurmel lila";"02-600-010";"0";"";"";"";"";"";"";"2024-12-20 14:45:55"
"229";"BAU-3510-GE";"BAU-3510-GE";"Baustein 2x8 gelb";"05-600-04";"4";"";"";"";"";"";"";"2024-12-20 14:45:55"
"230";"MUR-4110-BL";"MUR-4110-BL";"Holzmurmel blau";"02-400-05";"12";"";"";"";"";"";"";"2025-01-16 10:59:40"
"231";"BAU-3510-GE";"BAU-3510-GE";"Baustein 2x8 gelb";"05-600-040";"0";"";"";"";"";"";"";"2024-12-20 14:45:55"
"232";"MUR-4110-BL";"MUR-4110-BL";"Holzmurmel blau";"02-400-050";"0";"";"";"";"";"";"";"2024-12-20 14:45:55"
"233";"BAU-3520-SW";"BAU-3520-SW";"Baustein 2x8 schwarz";"05-600-05";"4";"";"";"";"";"";"";"2024-12-20 14:45:55"
"234";"MUR-4120-GE";"MUR-4120-GE";"Holzmurmel gelb";"02-500-03";"12";"";"";"";"";"";"";"2025-01-16 10:59:54"
"235";"BAU-3520-SW";"BAU-3520-SW";"Baustein 2x8 schwarz";"05-600-050";"0";"";"";"";"";"";"";"2024-12-20 14:45:55"
"236";"MUR-4120-GE";"MUR-4120-GE";"Holzmurmel gelb";"02-500-030";"0";"";"";"";"";"";"";"2024-12-20 14:45:55"
"237";"BAU-3530-BU";"BAU-3530-BU";"Baustein 2x10 bunt";"05-600-06";"37";"";"";"";"";"";"";"2024-12-20 14:45:55"
"238";"MUR-4130-SW";"MUR-4130-SW";"Holzmurmel schwarz";"02-500-02";"16";"";"";"";"";"";"";"2024-12-20 14:45:55"
"239";"BAU-3530-BU";"BAU-3530-BU";"Baustein 2x10 bunt";"05-600-060";"0";"";"";"";"";"";"";"2024-12-20 14:45:55"
"240";"MUR-4130-SW";"MUR-4130-SW";"Holzmurmel schwarz";"02-500-020";"0";"";"";"";"";"";"";"2024-12-20 14:45:55"
"241";"BAU-3540-GU";"BAU-3540-GU";"Baustein 1x6 gruen";"05-700-01";"6";"";"";"";"";"";"";"2024-12-20 14:45:55"
"242";"MUR-4140-OR";"MUR-4140-OR";"Holzmurmel orange";"02-500-04";"16";"";"";"";"";"";"";"2024-12-20 14:45:55"
"243";"BAU-3540-GU";"BAU-3540-GU";"Baustein 1x6 gruen";"05-700-010";"0";"";"";"";"";"";"";"2024-12-20 14:45:55"
"244";"MUR-4140-OR";"MUR-4140-OR";"Holzmurmel orange";"02-500-040";"0";"";"";"";"";"";"";"2024-12-20 14:45:55"
"245";"BAU-3550-BL";"BAU-3550-BL";"Baustein 1x6 blau";"05-700-02";"6";"";"";"";"";"";"";"2024-12-20 14:45:55"
"246";"MUR-4150-GU";"MUR-4150-GU";"Holzmurmel gruen";"02-400-04";"10";"";"";"";"";"";"";"2025-01-16 10:59:23"
"247";"BAU-3550-BL";"BAU-3550-BL";"Baustein 1x6 blau";"05-700-020";"0";"";"";"";"";"";"";"2024-12-20 14:45:55"
"248";"MUR-4150-GU";"MUR-4150-GU";"Holzmurmel gruen";"02-400-040";"0";"";"";"";"";"";"";"2024-12-20 14:45:55"
"249";"BAU-3560-RO";"BAU-3560-RO";"Baustein 1x6 rot";"05-700-03";"-569995";"";"";"";"";"";"";"2025-01-16 10:22:27"
"250";"MUR-4160-DR";"MUR-4160-DR";"Holzmurmel dunkelrosa";"02-500-05";"12";"";"";"";"";"";"";"2025-01-16 10:59:10"
"251";"BAU-3560-RO";"BAU-3560-RO";"Baustein 1x6 rot";"05-700-030";"0";"";"";"";"";"";"";"2024-12-20 14:45:55"
"252";"MUR-4160-DR";"MUR-4160-DR";"Holzmurmel dunkelrosa";"02-500-050";"0";"";"";"";"";"";"";"2024-12-20 14:45:55"
"253";"BAU-3570-SW";"BAU-3570-SW";"Baustein 1x6 schwarz";"05-700-04";"6";"";"";"";"";"";"";"2024-12-20 14:45:55"
"254";"MUR-4170-RO";"MUR-4170-RO";"Holzmurmel rot";"02-500-01";"12";"";"";"";"";"";"";"2025-01-16 10:58:40"
"255";"BAU-3570-SW";"BAU-3570-SW";"Baustein 1x6 schwarz";"05-700-040";"0";"";"";"";"";"";"";"2024-12-20 14:45:55"
"256";"MUR-4170-RO";"MUR-4170-RO";"Holzmurmel rot";"02-500-010";"0";"";"";"";"";"";"";"2024-12-20 14:45:55"
"257";"BAU-3580-OR";"BAU-3580-OR";"Baustein 1x6 orange";"05-700-05";"6";"";"";"";"";"";"";"2024-12-20 14:45:55"
"258";"MUR-4180-HR";"MUR-4180-HR";"Holzmurmel hellrosa";"02-400-06";"16";"";"";"";"";"";"";"2024-12-20 14:45:55"
"259";"BAU-3580-OR";"BAU-3580-OR";"Baustein 1x6 orange";"05-700-050";"0";"";"";"";"";"";"";"2024-12-20 14:45:55"
"260";"MUR-4180-HR";"MUR-4180-HR";"Holzmurmel hellrosa";"02-400-060";"0";"";"";"";"";"";"";"2024-12-20 14:45:55"
"261";"BAU-3590-GR";"BAU-3590-GR";"Baustein 1x6 grau";"05-700-06";"6";"";"";"";"";"";"";"2024-12-20 14:45:55"
"262";"MUR-4190-TU";"MUR-4190-TU";"Holzmurmel tuerkis";"02-500-06";"12";"";"";"";"";"";"";"2025-01-16 10:58:25"
"263";"BAU-3590-GR";"BAU-3590-GR";"Baustein 1x6 grau";"05-700-060";"0";"";"";"";"";"";"";"2024-12-20 14:45:55"
"264";"MUR-4190-TU";"MUR-4190-TU";"Holzmurmel tuerkis";"02-500-060";"0";"";"";"";"";"";"";"2024-12-20 14:45:55"
"265";"BAU-3600-GE";"BAU-3600-GE";"Baustein 1x6 gelb";"05-800-01";"6";"";"";"";"";"";"";"2024-12-20 14:45:55"
"266";"BAU-3600-GE";"BAU-3600-GE";"Baustein 1x6 gelb";"05-800-010";"0";"";"";"";"";"";"";"2024-12-20 14:45:55"
"267";"BAU-3610-LI";"BAU-3610-LI";"Baustein 1x6 lila";"05-800-02";"6";"";"";"";"";"";"";"2024-12-20 14:45:55"
"268";"BAU-3610-LI";"BAU-3610-LI";"Baustein 1x6 lila";"05-800-020";"0";"";"";"";"";"";"";"2024-12-20 14:45:55"
"269";"BAU-3620-WE";"BAU-3620-WE";"Baustein 1x6 weiß";"05-800-03";"7";"";"";"";"";"";"";"2024-12-20 14:45:56"
"270";"BAU-3620-WE";"BAU-3620-WE";"Baustein 1x6 weiß";"05-800-030";"0";"";"";"";"";"";"";"2024-12-20 14:45:56"
"271";"BAU-3630-BR";"BAU-3630-BR";"Baustein 1x6 braun";"05-800-04";"6";"";"";"";"";"";"";"2024-12-20 14:45:56"
"272";"BAU-3630-BR";"BAU-3630-BR";"Baustein 1x6 braun";"05-800-040";"0";"";"";"";"";"";"";"2024-12-20 14:45:56"
"273";"BAU-3640-GU";"BAU-3640-GU";"Baustein 2x6 gruen";"05-800-05";"6";"";"";"";"";"";"";"2024-12-20 14:45:56"
"274";"BAU-3640-GU";"BAU-3640-GU";"Baustein 2x6 gruen";"05-800-050";"0";"";"";"";"";"";"";"2024-12-20 14:45:56"
"275";"BAU-3650-BL";"BAU-3650-BL";"Baustein 2x6 blau";"05-800-06";"6";"";"";"";"";"";"";"2024-12-20 14:45:56"
"276";"BAU-3650-BL";"BAU-3650-BL";"Baustein 2x6 blau";"05-800-060";"0";"";"";"";"";"";"";"2024-12-20 14:45:56"
"277";"BAU-3660-RO";"BAU-3660-RO";"Baustein 2x6 rot";"05-900-01";"6";"";"";"";"";"";"";"2024-12-20 14:45:56"
"278";"BAU-3660-RO";"BAU-3660-RO";"Baustein 2x6 rot";"05-900-010";"0";"";"";"";"";"";"";"2024-12-20 14:45:56"
"279";"BAU-3670-GE";"BAU-3670-GE";"Baustein 2x6 gelb";"05-900-02";"6";"";"";"";"";"";"";"2024-12-20 14:45:56"
"280";"BAU-3670-GE";"BAU-3670-GE";"Baustein 2x6 gelb";"05-900-020";"0";"";"";"";"";"";"";"2024-12-20 14:45:56"
"281";"BAU-3680-SW";"BAU-3680-SW";"Baustein 2x6 schwarz";"05-900-03";"6";"";"";"";"";"";"";"2024-12-20 14:45:56"
"282";"BAU-3680-SW";"BAU-3680-SW";"Baustein 2x6 schwarz";"05-900-030";"0";"";"";"";"";"";"";"2024-12-20 14:45:56"
"283";"BAU-3690-LI";"BAU-3690-LI";"Baustein 2x6 lila";"05-900-04";"6";"";"";"";"";"";"";"2024-12-20 14:45:56"
"284";"BAU-3690-LI";"BAU-3690-LI";"Baustein 2x6 lila";"05-900-040";"0";"";"";"";"";"";"";"2024-12-20 14:45:56"
"285";"BAU-3700-OR";"BAU-3700-OR";"Baustein 2x6 orange";"05-900-05";"6";"";"";"";"";"";"";"2024-12-20 14:45:56"
"286";"BAU-3700-OR";"BAU-3700-OR";"Baustein 2x6 orange";"05-900-050";"0";"";"";"";"";"";"";"2024-12-20 14:45:56"
"287";"BAU-3710-BR";"BAU-3710-BR";"Baustein 2x6 braun";"05-900-06";"7";"";"";"";"";"";"";"2024-12-20 14:45:56"
"288";"BAU-3710-BR";"BAU-3710-BR";"Baustein 2x6 braun";"05-900-060";"0";"";"";"";"";"";"";"2024-12-20 14:45:56"
"289";"BUC-4300-AA";"BUC-4300-AA";"Holzbuchstabe A";"03-300-06";"60";"";"";"";"";"";"";"2024-12-20 14:45:56"
"290";"BUC-4300-AA";"BUC-4300-AA";"Holzbuchstabe A";"03-300-060";"0";"";"";"";"";"";"";"2024-12-20 14:45:56"
"291";"BUC-4310-BB";"BUC-4310-BB";"Holzbuchstabe B";"03-400-01";"60";"";"";"";"";"";"";"2024-12-20 14:45:56"
"292";"BUC-4310-BB";"BUC-4310-BB";"Holzbuchstabe B";"03-400-010";"0";"";"";"";"";"";"";"2024-12-20 14:45:56"
"293";"BUC-4320-CC";"BUC-4320-CC";"Holzbuchstabe C";"03-400-02";"60";"";"";"";"";"";"";"2024-12-20 14:45:56"
"294";"BUC-4320-CC";"BUC-4320-CC";"Holzbuchstabe C";"03-400-020";"0";"";"";"";"";"";"";"2024-12-20 14:45:56"
"295";"BUC-4330-DD";"BUC-4330-DD";"Holzbuchstabe D";"03-400-03";"60";"";"";"";"";"";"";"2024-12-20 14:45:56"
"296";"BUC-4330-DD";"BUC-4330-DD";"Holzbuchstabe D";"03-400-030";"0";"";"";"";"";"";"";"2024-12-20 14:45:56"
"297";"BUC-4340-EE";"BUC-4340-EE";"Holzbuchstabe E";"03-400-04";"60";"";"";"";"";"";"";"2024-12-20 14:45:56"
"298";"BUC-4340-EE";"BUC-4340-EE";"Holzbuchstabe E";"03-400-040";"0";"";"";"";"";"";"";"2024-12-20 14:45:56"
"299";"BUC-4350-FF";"BUC-4350-FF";"Holzbuchstabe F";"03-400-05";"60";"";"";"";"";"";"";"2024-12-20 14:45:56"
"300";"BUC-4350-FF";"BUC-4350-FF";"Holzbuchstabe F";"03-400-050";"0";"";"";"";"";"";"";"2024-12-20 14:45:56"
"301";"BUC-4360-GG";"BUC-4360-GG";"Holzbuchstabe G";"03-400-06";"60";"";"";"";"";"";"";"2024-12-20 14:45:56"
"302";"BUC-4360-GG";"BUC-4360-GG";"Holzbuchstabe G";"03-400-060";"0";"";"";"";"";"";"";"2024-12-20 14:45:56"
"303";"BUC-4370-HH";"BUC-4370-HH";"Holzbuchstabe H";"03-500-01";"60";"";"";"";"";"";"";"2024-12-20 14:45:56"
"304";"BUC-4370-HH";"BUC-4370-HH";"Holzbuchstabe H";"03-500-010";"0";"";"";"";"";"";"";"2024-12-20 14:45:56"
"305";"BUC-4380-KK";"BUC-4380-KK";"Holzbuchstabe K";"03-500-02";"60";"";"";"";"";"";"";"2024-12-20 14:45:56"
"306";"BUC-4380-KK";"BUC-4380-KK";"Holzbuchstabe K";"03-500-020";"0";"";"";"";"";"";"";"2024-12-20 14:45:56"
"307";"BUC-4390-LL";"BUC-4390-LL";"Holzbuchstabe L";"03-500-03";"120";"";"";"";"";"";"";"2024-12-20 14:45:56"
"308";"BUC-4390-LL";"BUC-4390-LL";"Holzbuchstabe L";"03-500-030";"0";"";"";"";"";"";"";"2024-12-20 14:45:56"
"309";"BUC-4400-MM";"BUC-4400-MM";"Holzbuchstabe M";"03-500-04";"60";"";"";"";"";"";"";"2024-12-20 14:45:56"
"310";"BUC-4400-MM";"BUC-4400-MM";"Holzbuchstabe M";"03-500-040";"0";"";"";"";"";"";"";"2024-12-20 14:45:56"
"311";"BUC-4410-NN";"BUC-4410-NN";"Holzbuchstabe N";"03-500-05";"60";"";"";"";"";"";"";"2024-12-20 14:45:56"
"312";"BUC-4410-NN";"BUC-4410-NN";"Holzbuchstabe N";"03-500-050";"0";"";"";"";"";"";"";"2024-12-20 14:45:56"
"313";"BUC-4420-OO";"BUC-4420-OO";"Holzbuchstabe O";"03-500-06";"120";"";"";"";"";"";"";"2024-12-20 14:45:56"
"314";"BUC-4420-OO";"BUC-4420-OO";"Holzbuchstabe O";"03-500-060";"0";"";"";"";"";"";"";"2024-12-20 14:45:56"
"315";"BUC-4430-PP";"BUC-4430-PP";"Holzbuchstabe P";"03-600-01";"60";"";"";"";"";"";"";"2024-12-20 14:45:56"
"316";"BUC-4430-PP";"BUC-4430-PP";"Holzbuchstabe P";"03-600-010";"0";"";"";"";"";"";"";"2024-12-20 14:45:56"
"317";"BUC-4440-QQ";"BUC-4440-QQ";"Holzbuchstabe Q";"03-600-02";"60";"";"";"";"";"";"";"2024-12-20 14:45:56"
"318";"BUC-4440-QQ";"BUC-4440-QQ";"Holzbuchstabe Q";"03-600-020";"0";"";"";"";"";"";"";"2024-12-20 14:45:56"
"319";"BAL-3800-RO";"BAL-3800-RO";"Plueschball klein rot 1.5 cm";"02-800-04";"75";"";"";"";"";"";"";"2024-12-20 14:45:56"
"320";"BUC-4450-RR";"BUC-4450-RR";"Holzbuchstabe R";"03-600-03";"60";"";"";"";"";"";"";"2024-12-20 14:45:56"
"321";"BAL-3800-RO";"BAL-3800-RO";"Plueschball klein rot 1.5 cm";"02-800-040";"0";"";"";"";"";"";"";"2024-12-20 14:45:56"
"322";"BUC-4450-RR";"BUC-4450-RR";"Holzbuchstabe R";"03-600-030";"0";"";"";"";"";"";"";"2024-12-20 14:45:56"
"323";"BAL-3810-GE";"BAL-3810-GE";"Plueschball klein gelb 1.5 cm";"02-900-03";"90";"";"";"";"";"";"";"2024-12-20 14:45:56"
"324";"BUC-4460-SS";"BUC-4460-SS";"Holzbuchstabe S";"03-600-04";"60";"";"";"";"";"";"";"2024-12-20 14:45:56"
"325";"BAL-3810-GE";"BAL-3810-GE";"Plueschball klein gelb 1.5 cm";"02-900-030";"0";"";"";"";"";"";"";"2024-12-20 14:45:56"
"326";"BUC-4460-SS";"BUC-4460-SS";"Holzbuchstabe S";"03-600-040";"0";"";"";"";"";"";"";"2024-12-20 14:45:56"
"327";"BAL-3820-BL";"BAL-3820-BL";"Plueschball klein blau 1.5 cm";"02-900-02";"90";"";"";"";"";"";"";"2024-12-20 14:45:56"
"328";"BUC-4470-TT";"BUC-4470-TT";"Holzbuchstabe T";"03-600-05";"60";"";"";"";"";"";"";"2024-12-20 14:45:56"
"329";"BAL-3820-BL";"BAL-3820-BL";"Plueschball klein blau 1.5 cm";"02-900-020";"0";"";"";"";"";"";"";"2024-12-20 14:45:56"
"330";"BUC-4470-TT";"BUC-4470-TT";"Holzbuchstabe T";"03-600-050";"0";"";"";"";"";"";"";"2024-12-20 14:45:56"
"331";"BAL-3830-WE";"BAL-3830-WE";"Plueschball klein weiß 1.5 cm";"02-900-01";"70";"";"";"";"";"";"";"2024-12-20 14:45:56"
"332";"BUC-4480-UU";"BUC-4480-UU";"Holzbuchstabe U";"03-600-06";"60";"";"";"";"";"";"";"2024-12-20 14:45:56"
"333";"BAL-3830-WE";"BAL-3830-WE";"Plueschball klein weiß 1.5 cm";"02-900-010";"0";"";"";"";"";"";"";"2024-12-20 14:45:56"
"334";"BUC-4480-UU";"BUC-4480-UU";"Holzbuchstabe U";"03-600-060";"0";"";"";"";"";"";"";"2024-12-20 14:45:56"
"335";"BAL-3840-HB";"BAL-3840-HB";"Plueschball klein hellblau 1.5 cm";"02-800-03";"65";"";"";"";"";"";"";"2024-12-20 14:45:56"
"336";"BUC-4490-VV";"BUC-4490-VV";"Holzbuchstabe V";"03-700-01";"50";"";"";"";"";"";"";"2025-01-16 10:22:06"
"337";"BAL-3840-HB";"BAL-3840-HB";"Plueschball klein hellblau 1.5 cm";"02-800-030";"0";"";"";"";"";"";"";"2024-12-20 14:45:56"
"338";"BUC-4490-VV";"BUC-4490-VV";"Holzbuchstabe V";"03-700-010";"0";"";"";"";"";"";"";"2024-12-20 14:45:56"
"339";"BAL-3850-HR";"BAL-3850-HR";"Plueschball klein hellrosa 1.5 cm";"02-800-05";"205";"";"";"";"";"";"";"2024-12-20 14:45:56"
"340";"BUC-4500-WW";"BUC-4500-WW";"Holzbuchstabe W";"03-700-02";"60";"";"";"";"";"";"";"2024-12-20 14:45:56"
"341";"BAL-3850-HR";"BAL-3850-HR";"Plueschball klein hellrosa 1.5 cm";"02-800-050";"0";"";"";"";"";"";"";"2024-12-20 14:45:56"
"342";"BUC-4500-WW";"BUC-4500-WW";"Holzbuchstabe W";"03-700-020";"0";"";"";"";"";"";"";"2024-12-20 14:45:56"
"343";"BAL-3860-LI";"BAL-3860-LI";"Plueschball klein lila 1.5 cm";"02-900-06";"90";"";"";"";"";"";"";"2024-12-20 14:45:56"
"344";"BUC-4510-XX";"BUC-4510-XX";"Holzbuchstabe X";"03-700-03";"60";"";"";"";"";"";"";"2024-12-20 14:45:56"
"345";"BAL-3860-LI";"BAL-3860-LI";"Plueschball klein lila 1.5 cm";"02-900-060";"0";"";"";"";"";"";"";"2024-12-20 14:45:56"
"346";"BUC-4510-XX";"BUC-4510-XX";"Holzbuchstabe X";"03-700-030";"0";"";"";"";"";"";"";"2024-12-20 14:45:56"
"347";"BAL-3870-HG";"BAL-3870-HG";"Plueschball klein hellgruen 1.5 cm";"02-900-05";"75";"";"";"";"";"";"";"2024-12-20 14:45:56"
"348";"BUC-4520-YY";"BUC-4520-YY";"Holzbuchstabe Y";"03-700-04";"60";"";"";"";"";"";"";"2024-12-20 14:45:56"
"349";"BAL-3870-HG";"BAL-3870-HG";"Plueschball klein hellgruen 1.5 cm";"02-900-050";"0";"";"";"";"";"";"";"2024-12-20 14:45:56"
"350";"BUC-4520-YY";"BUC-4520-YY";"Holzbuchstabe Y";"03-700-040";"0";"";"";"";"";"";"";"2024-12-20 14:45:56"
"351";"BAL-3880-DG";"BAL-3880-DG";"Plueschball klein dunkelgruen 1.5 cm";"02-800-02";"85";"";"";"";"";"";"";"2024-12-20 14:45:56"
"352";"BUC-4530-ZZ";"BUC-4530-ZZ";"Holzbuchstabe Z";"03-700-05";"60";"";"";"";"";"";"";"2024-12-20 14:45:56"
"353";"BAL-3880-DG";"BAL-3880-DG";"Plueschball klein dunkelgruen 1.5 cm";"02-800-020";"0";"";"";"";"";"";"";"2024-12-20 14:45:56"
"354";"BUC-4530-ZZ";"BUC-4530-ZZ";"Holzbuchstabe Z";"03-700-050";"0";"";"";"";"";"";"";"2024-12-20 14:45:56"
"355";"BAL-3890-BR";"BAL-3890-BR";"Plueschball klein braun 1.5 cm";"02-900-04";"120";"";"";"";"";"";"";"2024-12-20 14:45:56"
"356";"CD-1110-BE";"CD-1110-BE";"CD-Beatles";"01-100-07";"15";"";"";"";"";"";"";"2024-12-20 14:45:56"
"357";"BAL-3890-BR";"BAL-3890-BR";"Plueschball klein braun 1.5 cm";"02-900-040";"0";"";"";"";"";"";"";"2024-12-20 14:45:56"
"358";"CD-1110-BE";"CD-1110-BE";"CD-Beatles";"01-100-070";"0";"";"";"";"";"";"";"2024-12-20 14:45:56"
"359";"BAL-3900-SW";"BAL-3900-SW";"Plueschball klein schwarz 1.5 cm";"02-800-06";"95";"";"";"";"";"";"";"2024-12-20 14:45:56"
"360";"CD-1120-ST";"CD-1120-ST";"CD-Stones";"01-100-08";"14";"";"";"";"";"";"";"2025-01-16 10:20:38"
"361";"BAL-3900-SW";"BAL-3900-SW";"Plueschball klein schwarz 1.5 cm";"02-800-060";"0";"";"";"";"";"";"";"2024-12-20 14:45:56"
"362";"CD-1120-ST";"CD-1120-ST";"CD-Stones";"01-100-080";"0";"";"";"";"";"";"";"2024-12-20 14:45:56"
"363";"BAU-2700-GU";"BAU-2700-GU";"Baustein 1x1 gruen";"04-100-01";"26";"";"";"";"";"";"";"2024-12-20 14:45:56"
"364";"CD-1130-TW";"CD-1130-TW";"CD-The Who";"01-100-09";"10";"";"";"";"";"";"";"2024-12-20 14:45:56"
"365";"BAU-2700-GU";"BAU-2700-GU";"Baustein 1x1 gruen";"04-100-010";"0";"";"";"";"";"";"";"2024-12-20 14:45:56"
"366";"CD-1130-TW";"CD-1130-TW";"CD-The Who";"01-100-090";"0";"";"";"";"";"";"";"2024-12-20 14:45:56"
"367";"BAU-2710-BL";"BAU-2710-BL";"Baustein 1x1 blau";"04-100-02";"30";"";"";"";"";"";"";"2024-12-20 14:45:56"
"368";"CHI-1910-WE";"CHI-1910-WE";"Chips weiß";"01-400-01";"50";"";"";"";"";"";"";"2024-12-20 14:45:56"
"369";"BAU-2710-BL";"BAU-2710-BL";"Baustein 1x1 blau";"04-100-020";"0";"";"";"";"";"";"";"2024-12-20 14:45:56"
"370";"CHI-1910-WE";"CHI-1910-WE";"Chips weiß";"01-400-010";"0";"";"";"";"";"";"";"2024-12-20 14:45:56"
"371";"BAU-2720-WE";"BAU-2720-WE";"Baustein 1x1 weiß";"04-100-03";"28";"";"";"";"";"";"";"2024-12-20 14:45:56"
"372";"CHI-1920-BL";"CHI-1920-BL";"Chips blau";"01-400-03";"55";"";"";"";"";"";"";"2025-01-16 10:55:38"
"373";"BAU-2720-WE";"BAU-2720-WE";"Baustein 1x1 weiß";"04-100-030";"0";"";"";"";"";"";"";"2024-12-20 14:45:56"
"374";"CHI-1920-BL";"CHI-1920-BL";"Chips blau";"01-400-030";"0";"";"";"";"";"";"";"2024-12-20 14:45:56"
"375";"BAU-2730-GE";"BAU-2730-GE";"Baustein 1x1 gelb";"04-100-04";"24";"";"";"";"";"";"";"2024-12-20 14:45:56"
"376";"CHI-1930-RO";"CHI-1930-RO";"Chips rot";"01-400-02";"-50139956";"";"";"";"";"";"";"2025-01-16 10:56:21"
"377";"BAU-2730-GE";"BAU-2730-GE";"Baustein 1x1 gelb";"04-100-040";"0";"";"";"";"";"";"";"2024-12-20 14:45:56"
"378";"CHI-1930-RO";"CHI-1930-RO";"Chips rot";"01-400-020";"0";"";"";"";"";"";"";"2024-12-20 14:45:56"
"379";"BAU-2740-SW";"BAU-2740-SW";"Baustein 1x1 schwarz";"04-100-05";"28";"";"";"";"";"";"";"2024-12-20 14:45:56"
"380";"CLG-2560-GU";"CLG-2560-GU";"Clips groß gruen 12 cm";"02-300-03";"6";"";"";"";"";"";"";"2024-12-20 14:45:56"
"381";"BAU-2740-SW";"BAU-2740-SW";"Baustein 1x1 schwarz";"04-100-050";"0";"";"";"";"";"";"";"2024-12-20 14:45:56"
"382";"CLG-2560-GU";"CLG-2560-GU";"Clips groß gruen 12 cm";"02-300-030";"0";"";"";"";"";"";"";"2024-12-20 14:45:56"
"383";"BAU-2750-OR";"BAU-2750-OR";"Baustein 1x1 orange";"04-100-06";"20";"";"";"";"";"";"";"2024-12-20 14:45:56"
"384";"CLG-2570-HB";"CLG-2570-HB";"Clips groß blau 12 cm";"02-300-04";"6";"";"";"";"";"";"";"2024-12-20 14:45:56"
"385";"BAU-2750-OR";"BAU-2750-OR";"Baustein 1x1 orange";"04-100-060";"0";"";"";"";"";"";"";"2024-12-20 14:45:56"
"386";"CLG-2570-HB";"CLG-2570-HB";"Clips groß blau 12 cm";"02-300-040";"0";"";"";"";"";"";"";"2024-12-20 14:45:56"
"387";"BAU-2760-LI";"BAU-2760-LI";"Baustein 1x1 lila";"04-200-01";"26";"";"";"";"";"";"";"2024-12-20 14:45:56"
"388";"CLG-2580-PI";"CLG-2580-PI";"Clips groß pink 12 cm";"02-300-05";"4";"";"";"";"";"";"";"2025-01-16 11:00:06"
"389";"BAU-2760-LI";"BAU-2760-LI";"Baustein 1x1 lila";"04-200-010";"0";"";"";"";"";"";"";"2024-12-20 14:45:56"
"390";"CLG-2580-PI";"CLG-2580-PI";"Clips groß pink 12 cm";"02-300-050";"0";"";"";"";"";"";"";"2024-12-20 14:45:56"
"391";"BAU-2770-BR";"BAU-2770-BR";"Baustein 1x1 braun";"04-200-02";"30";"";"";"";"";"";"";"2024-12-20 14:45:56"
"392";"CLG-2590-RO";"CLG-2590-RO";"Clips groß rot 12 cm";"02-300-06";"4";"";"";"";"";"";"";"2025-01-16 10:59:53"
"393";"BAU-2770-BR";"BAU-2770-BR";"Baustein 1x1 braun";"04-200-020";"0";"";"";"";"";"";"";"2024-12-20 14:45:56"
"394";"CLG-2590-RO";"CLG-2590-RO";"Clips groß rot 12 cm";"02-300-060";"0";"";"";"";"";"";"";"2024-12-20 14:45:56"
"395";"BAU-2780-RO";"BAU-2780-RO";"Baustein 1x1 rot";"04-200-03";"24";"";"";"";"";"";"";"2024-12-20 14:45:56"
"396";"CLG-2600-SW";"CLG-2600-SW";"Clips groß schwarz 12 cm";"02-400-01";"5";"";"";"";"";"";"";"2025-01-16 10:59:44"
"397";"BAU-2780-RO";"BAU-2780-RO";"Baustein 1x1 rot";"04-200-030";"0";"";"";"";"";"";"";"2024-12-20 14:45:56"
"398";"CLG-2600-SW";"CLG-2600-SW";"Clips groß schwarz 12 cm";"02-400-010";"0";"";"";"";"";"";"";"2024-12-20 14:45:56"
"399";"BAU-2790-GR";"BAU-2790-GR";"Baustein 1x1 grau";"04-200-04";"28";"";"";"";"";"";"";"2024-12-20 14:45:56"
"400";"CLG-2610-GR";"CLG-2610-GR";"Clips groß grau 12 cm";"02-400-02";"6";"";"";"";"";"";"";"2024-12-20 14:45:56"
"401";"BAU-2790-GR";"BAU-2790-GR";"Baustein 1x1 grau";"04-200-040";"0";"";"";"";"";"";"";"2024-12-20 14:45:56"
"402";"CLG-2610-GR";"CLG-2610-GR";"Clips groß grau 12 cm";"02-400-020";"0";"";"";"";"";"";"";"2024-12-20 14:45:56"
"403";"BAU-2800-BU";"BAU-2800-BU";"Baustein 1x4 bunt";"04-200-05";"61";"";"";"";"";"";"";"2024-12-20 14:45:56"
"404";"CLG-2620-GE";"CLG-2620-GE";"Clips groß gelb 12 cm";"02-400-03";"6";"";"";"";"";"";"";"2024-12-20 14:45:56"
"405";"BAU-2800-BU";"BAU-2800-BU";"Baustein 1x4 bunt";"04-200-050";"0";"";"";"";"";"";"";"2024-12-20 14:45:56"
"406";"CLG-2620-GE";"CLG-2620-GE";"Clips groß gelb 12 cm";"02-400-030";"0";"";"";"";"";"";"";"2024-12-20 14:45:56"
"407";"BAU-2810-WE";"BAU-2810-WE";"Baustein 2x4 weiß";"04-200-06";"25";"";"";"";"";"";"";"2024-12-20 14:45:56"
"408";"CLK-2410-GU";"CLK-2410-GU";"Clips klein gruen 6 cm";"02-100-01";"12";"";"";"";"";"";"";"2024-12-20 14:45:56"
"409";"BAU-2810-WE";"BAU-2810-WE";"Baustein 2x4 weiß";"04-200-060";"0";"";"";"";"";"";"";"2024-12-20 14:45:56"
"410";"CLK-2410-GU";"CLK-2410-GU";"Clips klein gruen 6 cm";"02-100-010";"0";"";"";"";"";"";"";"2024-12-20 14:45:56"
"411";"BAU-2820-GU";"BAU-2820-GU";"Baustein 2x4 gruen";"04-300-01";"24";"";"";"";"";"";"";"2024-12-20 14:45:56"
"412";"CLK-2420-HB";"CLK-2420-HB";"Clips klein hellblau 6 cm";"02-100-02";"7";"";"";"";"";"";"";"2025-01-16 10:59:35"
"413";"BAU-2820-GU";"BAU-2820-GU";"Baustein 2x4 gruen";"04-300-010";"0";"";"";"";"";"";"";"2024-12-20 14:45:56"
"414";"CLK-2420-HB";"CLK-2420-HB";"Clips klein hellblau 6 cm";"02-100-020";"0";"";"";"";"";"";"";"2024-12-20 14:45:56"
"415";"BAU-2830-BL";"BAU-2830-BL";"Baustein 2x4 blau";"04-300-02";"24";"";"";"";"";"";"";"2024-12-20 14:45:56"
"416";"CLK-2430-PI";"CLK-2430-PI";"Clips klein pink 6 cm";"02-100-03";"10";"";"";"";"";"";"";"2025-01-16 10:59:10"
"417";"BAU-2830-BL";"BAU-2830-BL";"Baustein 2x4 blau";"04-300-020";"0";"";"";"";"";"";"";"2024-12-20 14:45:56"
"418";"CLK-2430-PI";"CLK-2430-PI";"Clips klein pink 6 cm";"02-100-030";"0";"";"";"";"";"";"";"2024-12-20 14:45:56"
"419";"BAU-2840-RO";"BAU-2840-RO";"Baustein 2x4 rot";"04-300-03";"24";"";"";"";"";"";"";"2024-12-20 14:45:56"
"420";"CLK-2440-RO";"CLK-2440-RO";"Clips klein rot 6 cm";"02-100-04";"12";"";"";"";"";"";"";"2024-12-20 14:45:56"
"421";"BAU-2840-RO";"BAU-2840-RO";"Baustein 2x4 rot";"04-300-030";"0";"";"";"";"";"";"";"2024-12-20 14:45:56"
"422";"CLK-2440-RO";"CLK-2440-RO";"Clips klein rot 6 cm";"02-100-040";"0";"";"";"";"";"";"";"2024-12-20 14:45:56"
"423";"BAU-2850-GE";"BAU-2850-GE";"Baustein 2x4 gelb";"04-300-04";"20";"";"";"";"";"";"";"2024-12-20 14:45:56"
"424";"CLK-2450-SW";"CLK-2450-SW";"Clips klein schwarz 6 cm";"02-100-05";"9";"";"";"";"";"";"";"2025-01-16 10:58:58"
"425";"BAU-2850-GE";"BAU-2850-GE";"Baustein 2x4 gelb";"04-300-040";"0";"";"";"";"";"";"";"2024-12-20 14:45:56"
"426";"CLK-2450-SW";"CLK-2450-SW";"Clips klein schwarz 6 cm";"02-100-050";"0";"";"";"";"";"";"";"2024-12-20 14:45:56"
"427";"BAU-2860-BR";"BAU-2860-BR";"Baustein 2x4 braun";"04-300-05";"16";"";"";"";"";"";"";"2024-12-20 14:45:56"
"428";"CLK-2460-GR";"CLK-2460-GR";"Clips klein grau 6 cm";"02-100-06";"12";"";"";"";"";"";"";"2024-12-20 14:45:56"
"429";"BAU-2860-BR";"BAU-2860-BR";"Baustein 2x4 braun";"04-300-050";"0";"";"";"";"";"";"";"2024-12-20 14:45:56"
"430";"CLK-2460-GR";"CLK-2460-GR";"Clips klein grau 6 cm";"02-100-060";"0";"";"";"";"";"";"";"2024-12-20 14:45:56"
"431";"BAU-2870-LI";"BAU-2870-LI";"Baustein 2x4 lila";"04-300-06";"16";"";"";"";"";"";"";"2024-12-20 14:45:56"
"432";"CLK-2470-GE";"CLK-2470-GE";"Clips klein gelb 6 cm";"02-200-01";"12";"";"";"";"";"";"";"2024-12-20 14:45:56"
"433";"BAU-2870-LI";"BAU-2870-LI";"Baustein 2x4 lila";"04-300-060";"0";"";"";"";"";"";"";"2024-12-20 14:45:56"
"434";"CLK-2470-GE";"CLK-2470-GE";"Clips klein gelb 6 cm";"02-200-010";"0";"";"";"";"";"";"";"2024-12-20 14:45:56"
"435";"BAU-2880-OR";"BAU-2880-OR";"Baustein 2x4 orange";"04-400-01";"16";"";"";"";"";"";"";"2024-12-20 14:45:56"
"436";"CLM-2480-GU";"CLM-2480-GU";"Clips mittel gruen 8 cm";"02-200-02";"8";"";"";"";"";"";"";"2025-01-16 10:58:42"
"437";"BAU-2880-OR";"BAU-2880-OR";"Baustein 2x4 orange";"04-400-010";"0";"";"";"";"";"";"";"2024-12-20 14:45:56"
"438";"CLM-2480-GU";"CLM-2480-GU";"Clips mittel gruen 8 cm";"02-200-020";"0";"";"";"";"";"";"";"2024-12-20 14:45:56"
"439";"BAU-2890-GR";"BAU-2890-GR";"Baustein 2x4 grau";"04-400-02";"16";"";"";"";"";"";"";"2024-12-20 14:45:56"
"440";"CLM-2490-HB";"CLM-2490-HB";"Clips mittel hellblau 8 cm";"02-200-03";"10";"";"";"";"";"";"";"2025-01-16 10:58:28"
"441";"BAU-2890-GR";"BAU-2890-GR";"Baustein 2x4 grau";"04-400-020";"0";"";"";"";"";"";"";"2024-12-20 14:45:56"
"442";"CLM-2490-HB";"CLM-2490-HB";"Clips mittel hellblau 8 cm";"02-200-030";"0";"";"";"";"";"";"";"2024-12-20 14:45:56"
"443";"BAU-2900-SW";"BAU-2900-SW";"Baustein 2x4 schwarz";"04-400-03";"24";"";"";"";"";"";"";"2024-12-20 14:45:56"
"444";"CLM-2510-PI";"CLM-2510-PI";"Clips mittel pink 8 cm";"02-200-04";"12";"";"";"";"";"";"";"2024-12-20 14:45:56"
"445";"BAU-2900-SW";"BAU-2900-SW";"Baustein 2x4 schwarz";"04-400-030";"0";"";"";"";"";"";"";"2024-12-20 14:45:56"
"446";"CLM-2510-PI";"CLM-2510-PI";"Clips mittel pink 8 cm";"02-200-040";"0";"";"";"";"";"";"";"2024-12-20 14:45:56"
"447";"BAU-2910-GR";"BAU-2910-GR";"Baustein 2x6 grau";"04-400-04";"6";"";"";"";"";"";"";"2024-12-20 14:45:56"
"448";"CLM-2520-RO";"CLM-2520-RO";"Clips mittel rot 8 cm";"02-200-05";"12";"";"";"";"";"";"";"2024-12-20 14:45:56"
"449";"BAU-2910-GR";"BAU-2910-GR";"Baustein 2x6 grau";"04-400-040";"0";"";"";"";"";"";"";"2024-12-20 14:45:56"
"450";"CLM-2520-RO";"CLM-2520-RO";"Clips mittel rot 8 cm";"02-200-050";"0";"";"";"";"";"";"";"2024-12-20 14:45:56"
"451";"BAU-2920-WE";"BAU-2920-WE";"Baustein 2x6 weiß";"04-400-05";"6";"";"";"";"";"";"";"2024-12-20 14:45:56"
"452";"CLM-2530-SW";"CLM-2530-SW";"Clips mittel schwarz 8 cm";"02-200-06";"10";"";"";"";"";"";"";"2025-01-16 10:58:12"
"453";"BAU-2920-WE";"BAU-2920-WE";"Baustein 2x6 weiß";"04-400-050";"0";"";"";"";"";"";"";"2024-12-20 14:45:56"
"454";"CLM-2530-SW";"CLM-2530-SW";"Clips mittel schwarz 8 cm";"02-200-060";"0";"";"";"";"";"";"";"2024-12-20 14:45:56"
"455";"BAU-2930-BU";"BAU-2930-BU";"Baustein 1x3 bunt";"04-400-06";"78";"";"";"";"";"";"";"2024-12-20 14:45:56"
"456";"CLM-2540-GR";"CLM-2540-GR";"Clips mittel grau 8 cm";"02-300-01";"12";"";"";"";"";"";"";"2024-12-20 14:45:56"
"457";"BAU-2930-BU";"BAU-2930-BU";"Baustein 1x3 bunt";"04-400-060";"0";"";"";"";"";"";"";"2024-12-20 14:45:56"
"458";"CLM-2540-GR";"CLM-2540-GR";"Clips mittel grau 8 cm";"02-300-010";"0";"";"";"";"";"";"";"2024-12-20 14:45:56"
"459";"NGA-1810-LA";"NGA-1810-LA";"Nylongarn 0,5mm";"01-300-11";"9";"";"";"";"";"";"";"2025-01-16 10:50:00"
"460";"NGA-1810-LA";"NGA-1810-LA";"Nylongarn 0,5mm";"01-300-110";"0";"";"";"";"";"";"";"2024-12-20 14:45:56"
"461";"NGA-1820-KU";"NGA-1820-KU";"Nylongarn 0,3mm";"01-300-12";"6";"";"";"";"";"";"";"2025-01-16 10:49:39"
"462";"NGA-1820-KU";"NGA-1820-KU";"Nylongarn 0,3mm";"01-300-120";"0";"";"";"";"";"";"";"2024-12-20 14:45:56"
"463";"PEN-1410-RO";"PEN-1410-RO";"Touch Pen rot";"01-200-07";"10";"";"";"";"";"";"";"2024-12-20 14:45:56"
"464";"PEN-1410-RO";"PEN-1410-RO";"Touch Pen rot";"01-200-070";"0";"";"";"";"";"";"";"2024-12-20 14:45:56"
"465";"PEN-1420-SW";"PEN-1420-SW";"Touch Pen schwarz";"01-200-08";"8";"";"";"";"";"";"";"2025-01-16 10:51:17"
"466";"PEN-1420-SW";"PEN-1420-SW";"Touch Pen schwarz";"01-200-080";"0";"";"";"";"";"";"";"2024-12-20 14:45:56"
"467";"PEN-1430-HB";"PEN-1430-HB";"Touch Pen hellblau";"01-200-09";"8";"";"";"";"";"";"";"2025-01-16 10:51:10"
"468";"PEN-1430-HB";"PEN-1430-HB";"Touch Pen hellblau";"01-200-090";"0";"";"";"";"";"";"";"2024-12-20 14:45:56"
"469";"PEN-1440-DB";"PEN-1440-DB";"Touch Pen dunkelblau";"01-200-10";"10";"";"";"";"";"";"";"2024-12-20 14:45:56"
"470";"PEN-1440-DB";"PEN-1440-DB";"Touch Pen dunkelblau";"01-200-100";"0";"";"";"";"";"";"";"2024-12-20 14:45:56"
"471";"PEN-1450-OR";"PEN-1450-OR";"Touch Pen orange";"01-200-11";"8";"";"";"";"";"";"";"2025-01-16 10:50:38"
"472";"PEN-1450-OR";"PEN-1450-OR";"Touch Pen orange";"01-200-110";"0";"";"";"";"";"";"";"2024-12-20 14:45:56"
"473";"PEN-1460-GR";"PEN-1460-GR";"Touch Pen gruen";"01-200-12";"10";"";"";"";"";"";"";"2024-12-20 14:45:56"
"474";"PEN-1460-GR";"PEN-1460-GR";"Touch Pen gruen";"01-200-120";"0";"";"";"";"";"";"";"2024-12-20 14:45:56"
"475";"STA-3910-GU";"STA-3910-GU";"Holzstab gruen";"05-100-01";"48";"";"";"";"";"";"";"2024-12-20 14:45:56"
"476";"STA-3910-GU";"STA-3910-GU";"Holzstab gruen";"05-100-010";"0";"";"";"";"";"";"";"2024-12-20 14:45:56"
"477";"STA-3920-BL";"STA-3920-BL";"Holzstab blau";"05-100-02";"48";"";"";"";"";"";"";"2024-12-20 14:45:56"
"478";"STA-3920-BL";"STA-3920-BL";"Holzstab blau";"05-100-020";"0";"";"";"";"";"";"";"2024-12-20 14:45:56"
"479";"STA-3930-RO";"STA-3930-RO";"Holzstab rosa";"05-100-03";"54";"";"";"";"";"";"";"2024-12-20 14:45:56"
"480";"STA-3930-RO";"STA-3930-RO";"Holzstab rosa";"05-100-030";"0";"";"";"";"";"";"";"2024-12-20 14:45:56"
"481";"STA-3940-OR";"STA-3940-OR";"Holzstab orange";"05-100-04";"49";"";"";"";"";"";"";"2024-12-20 14:45:56"
"482";"STA-3940-OR";"STA-3940-OR";"Holzstab orange";"05-100-040";"0";"";"";"";"";"";"";"2024-12-20 14:45:56"
"483";"STA-3950-LI";"STA-3950-LI";"Holzstab lila";"05-100-05";"48";"";"";"";"";"";"";"2024-12-20 14:45:56"
"484";"STA-3950-LI";"STA-3950-LI";"Holzstab lila";"05-100-050";"0";"";"";"";"";"";"";"2024-12-20 14:45:56"
"485";"STA-3960-GE";"STA-3960-GE";"Holzstab gelb";"05-100-06";"48";"";"";"";"";"";"";"2024-12-20 14:45:56"
"486";"STA-3960-GE";"STA-3960-GE";"Holzstab gelb";"05-100-060";"0";"";"";"";"";"";"";"2024-12-20 14:45:56"
"487";"STE-4200-GU";"STE-4200-GU";"Holzstern gruen";"03-800-06";"8";"";"";"";"";"";"";"2024-12-20 14:45:56"
"488";"STE-4200-GU";"STE-4200-GU";"Holzstern gruen";"03-800-060";"0";"";"";"";"";"";"";"2024-12-20 14:45:56"
"489";"STE-4210-BL";"STE-4210-BL";"Holzstern blau";"03-900-01";"15";"";"";"";"";"";"";"2024-12-20 14:45:56"
"490";"STE-4210-BL";"STE-4210-BL";"Holzstern blau";"03-900-010";"0";"";"";"";"";"";"";"2024-12-20 14:45:56"
"491";"STE-4220-RO";"STE-4220-RO";"Holzstern rot";"03-900-02";"17";"";"";"";"";"";"";"2025-01-16 10:20:35"
"492";"STE-4220-RO";"STE-4220-RO";"Holzstern rot";"03-900-020";"0";"";"";"";"";"";"";"2024-12-20 14:45:56"
"493";"STE-4230-HR";"STE-4230-HR";"Holzstern hellrosa";"03-900-03";"7";"";"";"";"";"";"";"2024-12-20 14:45:56"
"494";"STE-4230-HR";"STE-4230-HR";"Holzstern hellrosa";"03-900-030";"0";"";"";"";"";"";"";"2024-12-20 14:45:56"
"495";"STE-4240-GE";"STE-4240-GE";"Holzstern gelb";"03-900-04";"10";"";"";"";"";"";"";"2024-12-20 14:45:56"
"496";"STE-4240-GE";"STE-4240-GE";"Holzstern gelb";"03-900-040";"0";"";"";"";"";"";"";"2024-12-20 14:45:56"
"497";"STE-4250-OR";"STE-4250-OR";"Holzstern orange";"03-900-05";"25";"";"";"";"";"";"";"2024-12-20 14:45:56"
"498";"STE-4250-OR";"STE-4250-OR";"Holzstern orange";"03-900-050";"0";"";"";"";"";"";"";"2024-12-20 14:45:56"
"499";"STE-4260-DR";"STE-4260-DR";"Holzstern dunkelrosa";"03-900-06";"19";"";"";"";"";"";"";"2024-12-20 14:45:56"
"500";"STE-4260-DR";"STE-4260-DR";"Holzstern dunkelrosa";"03-900-060";"0";"";"";"";"";"";"";"2024-12-20 14:45:56"
"501";"USB-1210-RO";"USB-1210-RO";"USB-Stick Rot";"01-200-01";"3";"";"";"";"";"";"";"2025-01-16 10:50:28"
"502";"USB-1210-RO";"USB-1210-RO";"USB-Stick Rot";"01-200-010";"0";"";"";"";"";"";"";"2024-12-20 14:45:56"
"503";"USB-1220-BL";"USB-1220-BL";"USB-Stick Blau";"01-200-02";"5";"";"";"";"";"";"";"2024-12-20 14:45:56"
"504";"USB-1220-BL";"USB-1220-BL";"USB-Stick Blau";"01-200-020";"0";"";"";"";"";"";"";"2024-12-20 14:45:56"
"505";"USB-1230-SW";"USB-1230-SW";"USB-Stick Schwarz";"01-200-03";"-6";"";"";"";"";"";"";"2025-01-16 10:50:13"
"506";"USB-1230-SW";"USB-1230-SW";"USB-Stick Schwarz";"01-200-030";"0";"";"";"";"";"";"";"2024-12-20 14:45:56"
"507";"WAS-1330-LI";"WAS-1330-LI";"Waschmaschine";"01-200-06";"8";"";"";"";"";"";"";"2025-01-16 10:50:00"
"508";"WAS-1330-LI";"WAS-1330-LI";"Waschmaschine";"01-200-060";"0";"";"";"";"";"";"";"2024-12-20 14:45:56"
"509";"WKL-2310-GU";"WKL-2310-GU";"Wascheklammer gruen";"03-800-01";"10";"";"";"";"";"";"";"2024-12-20 14:45:56"
"510";"WKL-2310-GU";"WKL-2310-GU";"Wascheklammer gruen";"03-800-010";"0";"";"";"";"";"";"";"2024-12-20 14:45:56"
"511";"WKL-2320-BL";"WKL-2320-BL";"Wascheklammer blau";"03-800-02";"10";"";"";"";"";"";"";"2024-12-20 14:45:56"
"512";"WKL-2320-BL";"WKL-2320-BL";"Wascheklammer blau";"03-800-020";"0";"";"";"";"";"";"";"2024-12-20 14:45:56"
"513";"WKL-2330-RO";"WKL-2330-RO";"Wascheklammer rot";"03-800-03";"10";"";"";"";"";"";"";"2024-12-20 14:45:56"
"514";"WKL-2330-RO";"WKL-2330-RO";"Wascheklammer rot";"03-800-030";"0";"";"";"";"";"";"";"2024-12-20 14:45:57"
"515";"WKL-2340-WE";"WKL-2340-WE";"Wascheklammer weiß";"03-800-04";"10";"";"";"";"";"";"";"2024-12-20 14:45:57"
"516";"WKL-2340-WE";"WKL-2340-WE";"Wascheklammer weiß";"03-800-040";"0";"";"";"";"";"";"";"2024-12-20 14:45:57"
"517";"WKL-2350-GE";"WKL-2350-GE";"Wascheklammer gelb";"03-800-05";"10";"";"";"";"";"";"";"2024-12-20 14:45:57"
"518";"WKL-2350-GE";"WKL-2350-GE";"Wascheklammer gelb";"03-800-050";"0";"";"";"";"";"";"";"2024-12-20 14:45:57"
"519";"ZAH-4600-11";"ZAH-4600-11";"Holzzahl 1";"03-700-06";"120";"";"";"";"";"";"";"2024-12-20 14:45:57"
"520";"ZAH-4600-11";"ZAH-4600-11";"Holzzahl 1";"03-700-060";"0";"";"";"";"";"";"";"2024-12-20 14:45:57"
"521";"ZAH-4610-29";"ZAH-4610-29";"Holzzahlen";"02-700-06";"360";"";"";"";"";"";"";"2024-12-20 14:45:57"
"522";"ZAH-4610-29";"ZAH-4610-29";"Holzzahlen";"02-700-060";"0";"";"";"";"";"";"1";"2025-04-10 16:52:53"
